Year,kms Driven,Fuel Type,Suspension,Price,Car Model
2019,19006,Petrol,Automatic,928999.9999999999,Honda City V
2018,29635,Petrol,Automatic,994999.9999999999,Honda City i-VTEC
2015,105114,Petrol,Manual,568000.0,Honda City i
2015,101466,Diesel,Manual,565000.0,Honda City i
2016,52456,Diesel,Manual,560000.0,Honda Jazz 1.5
2014,75247,Diesel,Manual,650000.0,Honda City i
2017,88695,Petrol,Manual,748000.0,Honda WR-V i-VTEC
2019,30906,Petrol,Automatic,797000.0,Honda Amaze V
2021,17152,Petrol,Automatic,1198000.0,Honda City ZX
2017,32721,Petrol,Automatic,1014000.0,Honda City i-VTEC
2020,17934,Petrol,Automatic,1246000.0,Honda City ZX
2016,63548,Petrol,Manual,468000.0,Honda Jazz 1.2
2018,28200,Petrol,Automatic,919999.9999999999,Honda City ZX
2015,38411,Petrol,Manual,589000.0,Honda City i
2013,25025,Petrol,Manual,415000.00000000006,Honda Amaze S
2016,23199,Petrol,Automatic,685000.0,Honda Jazz 1.2
2017,58011,Petrol,Manual,728000.0,Honda City i
2020,30405,Petrol,Manual,650000.0,Honda Amaze S
2018,33826,Petrol,Manual,648000.0,Honda WR-V i-VTEC
2017,89861,Diesel,Manual,725000.0,Honda WR-V i-DTEC
2015,47091,Diesel,Manual,398000.0,Honda Jazz 1.5
2017,106401,Diesel,Manual,525000.0,Honda WR-V i-DTEC
2018,149091,Diesel,Manual,620000.0,Honda Amaze S
2015,92028,Petrol,Manual,578000.0,Honda City i
2014,94146,Diesel,Manual,455999.99999999994,Honda Amaze S
2014,98243,Diesel,Manual,562000.0,Honda City i
2014,80090,Petrol,Manual,580000.0,Honda City i
2014,112306,Diesel,Manual,520000.0,Honda City i
2017,49568,Petrol,Manual,650000.0,Honda City i
2021,5670,Petrol,Automatic,1239000.0,Honda City VX
2013,58176,Petrol,Manual,260000.0,Honda Brio S
2012,85367,Petrol,Manual,328000.0,Honda Brio S
2018,30346,Petrol,Manual,479000.0,Honda Brio 1.2
2019,68816,Diesel,Automatic,795000.0,Honda Amaze V
2017,89969,Petrol,Manual,755000.0,Honda City i
2015,74481,Petrol,Manual,575000.0,Honda City i
2016,72926,Petrol,Manual,509999.99999999994,Honda Jazz 1.2
2015,29597,Petrol,Manual,372000.0,Honda Brio S
2015,133745,Petrol,Automatic,440000.00000000006,Honda Amaze VX
2010,57825,Petrol,Manual,360000.0,Honda City V
2015,85949,Diesel,Manual,505000.0,Honda Amaze VX
2013,104980,Petrol,Manual,316000.0,Honda Brio S
2010,141081,Petrol,Manual,348000.0,Honda City V
2020,20942,Petrol,Manual,1296000.0,Honda City ZX
2020,12265,Petrol,Manual,1257000.0,Honda City ZX
2014,93298,Petrol,Manual,565000.0,Honda City i
2019,21582,Petrol,Automatic,750000.0,Honda Amaze V
2010,86258,Petrol,Manual,335000.0,Honda City V
2017,26536,Petrol,Manual,520000.0,Honda Brio 1.2
2018,81126,Diesel,Manual,578000.0,Honda Amaze E
2015,76547,Petrol,Automatic,734000.0,Honda City i
2015,76670,Diesel,Manual,436000.00000000006,Honda City i
2013,109350,Petrol,Manual,365000.0,Honda Amaze VX
2016,59796,Petrol,Manual,480000.0,Honda Amaze SX
2015,81506,CNG,Manual,421000.0,Honda Amaze S
2015,71561,Petrol,Manual,380000.0,Honda Amaze S
2014,57273,Petrol,Manual,568000.0,Honda City i
2014,91123,Diesel,Manual,434999.99999999994,Honda City i
2015,64967,Petrol,Manual,580000.0,Honda City i
2014,91828,Diesel,Manual,288000.0,Honda Amaze S
2014,79324,Diesel,Manual,299000.0,Honda Amaze S
2011,71025,Petrol,Manual,295000.0,Honda City S
2010,25952,Petrol,Automatic,299000.0,Honda City V
2016,22000,Petrol,Manual,800000.0,Honda City i
2014,131004,Diesel,Manual,479000.0,Honda City i
2017,22500,Petrol,Manual,875000.0,Honda City 1.5
2018,44000,Petrol,Automatic,940000.0,Honda City i-VTEC
2014,139841,Diesel,Manual,336000.0,Honda City i
2012,70000,Petrol,Manual,349000.0,Honda City VTEC
2016,68000,Petrol,Automatic,565000.0,Honda Jazz V
2008,80000,Petrol,Automatic,250000.0,Honda City 1.5
2013,48647,Diesel,Manual,320000.0,Honda Amaze S
2011,78474,Petrol,Manual,240000.0,Honda City 1.5
2016,35025,Petrol,Manual,750000.0,Honda City i
2010,72464,Petrol,Manual,250000.0,Honda City 1.5
2014,74083,Petrol,Manual,350000.0,Honda Amaze VX
2009,101867,Petrol,Automatic,389000.0,Honda Accord 2.4
2010,58000,Petrol,Automatic,333000.0,Honda Accord 2.4
2015,80000,Diesel,Manual,449000.0,Honda Mobilio S
2010,68418,Petrol,Manual,301000.0,Honda City 1.5
2011,39000,Petrol,Automatic,445000.0,Honda Accord 2.4
2013,57368,Petrol,Manual,190000.0,Honda Brio S
2013,70000,Diesel,Manual,350000.0,Honda Amaze E
2017,25025,Petrol,Manual,565000.0,Honda Jazz 1.2
2014,39529,Petrol,Manual,700000.0,Honda City i
2017,55000,Petrol,Manual,560000.0,Honda Jazz V
2019,48000,Petrol,Automatic,775000.0,Honda Amaze VX
2008,80000,Petrol,Manual,225000.0,Honda CR-V RVi
2009,59000,Petrol,Automatic,250000.0,Honda City 1.5
2017,29000,Petrol,Automatic,885000.0,Honda BR-V i-VTEC
2018,56400,Petrol,Automatic,894999.9999999999,Honda City i-VTEC
2019,38000,Petrol,Manual,890000.0,Honda City i-VTEC
2009,67000,Petrol,Manual,400000.0,Honda City 1.5
2008,120054,Petrol,Automatic,196000.0,Honda Civic 1.8
2017,43417,Petrol,Automatic,894999.9999999999,Honda City i-VTEC
2016,51453,Petrol,Manual,533000.0,Honda Jazz 1.2
2014,69900,Diesel,Manual,425000.0,Honda Amaze VX
2018,35000,Petrol,Automatic,891000.0,Honda City i-VTEC
2017,28383,Petrol,Manual,799000.0,Honda WR-V i-VTEC
2015,77381,Petrol,Manual,600000.0,Honda City i
2016,57571,Petrol,Manual,415000.00000000006,Honda Amaze S
2018,2264,Petrol,Manual,800000.0,Honda City i-VTEC
2017,38500,Petrol,Manual,800000.0,Honda Jazz V
2014,119799,Diesel,Manual,367000.0,Honda City i
2015,120000,Petrol,Automatic,550000.0,Honda City i
2021,16748,Petrol,Manual,814000.0,Honda WR-V SV
2017,28340,Petrol,Automatic,1099000.0,Honda City i-VTEC
2013,45487,Petrol,Manual,333000.0,Honda Brio S
2022,15501,Petrol,Manual,1038000.0000000001,Honda City V
2017,73003,Petrol,Manual,775000.0,Honda City i-VTEC
2017,35566,Petrol,Manual,645000.0,Honda Jazz 1.2
2019,20121,Petrol,Manual,614000.0,Honda Amaze S
2012,98000,Petrol,Automatic,400000.0,Honda City V
2016,56945,Petrol,Manual,370000.0,Honda Brio S
2019,33168,Petrol,Manual,699000.0,Honda Amaze V
2011,100553,Petrol,Automatic,355000.0,Honda City V
2009,81521,Petrol,Manual,196000.0,Honda City 1.5
2015,109450,Petrol,Manual,500000.0,Honda City i
2016,31480,Petrol,Automatic,699000.0,Honda Jazz 1.2
2013,65572,Petrol,Manual,313000.0,Honda Brio EX
2015,28714,Petrol,Manual,517000.0,Honda Jazz 1.2
2018,40217,Petrol,Manual,698000.0,Honda Amaze V
2010,73033,Petrol,Manual,399000.0,Honda City 1.5
2014,96246,Petrol,Manual,591000.0,Honda City i
2018,50000,Diesel,Manual,610000.0,Honda Amaze VX
2013,55456,Petrol,Manual,394000.0,Honda City V
2020,25114,Petrol,Manual,944999.9999999999,Honda City SV
2014,27961,Diesel,Manual,422000.0,Honda Amaze S
2017,42644,Petrol,Manual,436000.00000000006,Honda Amaze S
2020,13307,Petrol,Manual,679000.0,Honda Amaze VX
2013,36455,Petrol,Manual,445000.0,Honda Amaze S
2017,65269,Petrol,Automatic,690000.0,Honda Jazz 1.2
2017,25086,Petrol,Manual,568000.0,Honda Amaze S
2014,59320,Petrol,Manual,551000.0,Honda City i
2010,63000,Petrol,Manual,240000.0,Honda Jazz Select
2015,99398,Petrol,Manual,346000.0,Honda Brio S
2009,63000,Petrol,Manual,295000.0,Honda Accord 2.4
2018,72578,Petrol,Manual,614000.0,Honda Amaze S
2019,28000,Petrol,Manual,865000.0,Honda WR-V i-VTEC
2017,62405,Petrol,Manual,679000.0,Honda City i-VTEC
2017,75083,Petrol,Automatic,880000.0000000001,Honda City i-VTEC
2012,48312,Petrol,Automatic,446000.0,Honda City V
2021,16000,Petrol,Manual,1190000.0,Honda City i-VTEC
2012,68434,Petrol,Manual,395000.0,Honda City i
2015,65742,Petrol,Manual,603000.0,Honda City i
2014,17815,Petrol,Manual,450000.0,Honda Amaze E
2017,47000,Petrol,Manual,795000.0,Honda City i
2019,63121,Petrol,Automatic,975000.0,Honda City V
2012,71169,Petrol,Manual,326000.0,Honda Brio S
2017,66964,Petrol,Automatic,650000.0,Honda Jazz V
2013,18511,Petrol,Manual,344000.0,Honda Brio S
2016,40000,Diesel,Manual,509999.99999999994,Honda Amaze VX
2016,33397,Petrol,Manual,359000.0,Honda Amaze S
2014,54955,Petrol,Automatic,465000.00000000006,Honda Amaze S
2018,32512,Petrol,Manual,819999.9999999999,Honda WR-V i-VTEC
2015,56908,Petrol,Manual,712000.0,Honda City i
2018,42000,Petrol,Manual,500000.0,Honda City i-VTEC
2018,67173,Petrol,Manual,787000.0,Honda City i-VTEC
2014,76400,Petrol,Automatic,595000.0,Honda City i
2014,90535,Petrol,Manual,524000.0,Honda City i
2017,33400,Petrol,Automatic,894999.9999999999,Honda City i
2017,57509,Petrol,Manual,723000.0,Honda BR-V i-VTEC
2015,26107,Petrol,Manual,501999.99999999994,Honda Brio S
2019,85759,Petrol,Automatic,1157000.0,Honda City i-VTEC
2016,66731,Diesel,Manual,571000.0,Honda City i
2015,52087,Petrol,Manual,480999.99999999994,Honda Jazz 1.2
2016,58000,Petrol,Manual,625000.0,Honda City i
2019,41000,Petrol,Manual,609000.0,Honda Amaze S
2017,81904,Petrol,Manual,720000.0,Honda City i
2015,61314,Petrol,Manual,505999.99999999994,Honda Amaze S
2015,75611,Petrol,Automatic,533000.0,Honda Jazz 1.2
2018,50000,Petrol,Automatic,1050000.0,Honda City Anniversary
2012,51511,Petrol,Automatic,421000.0,Honda City V
2018,34016,Petrol,Manual,809000.0,Honda WR-V i-VTEC
2013,59617,Petrol,Manual,323000.0,Honda Brio S
2017,70336,Petrol,Manual,586000.0,Honda WR-V i-VTEC
2016,38532,Petrol,Manual,842000.0,Honda City i
2019,34876,Petrol,Manual,665000.0,Honda Amaze S
2017,100000,Diesel,Manual,825000.0,Honda City i-DTEC
2016,67329,Petrol,Automatic,762000.0,Honda City i
2022,10000,Petrol,Manual,1044000.0,Honda WR-V VX
2014,47867,Petrol,Automatic,1035000.0,Honda CR-V 2.4L
2018,9205,Petrol,Manual,650000.0,Honda Amaze V
2009,137319,Petrol,Manual,300000.0,Honda City 1.5
2017,50000,Petrol,Automatic,800000.0,Honda City i-VTEC
2013,90000,Petrol,Manual,540000.0,Honda City V
2017,86945,Petrol,Automatic,700000.0,Honda City i-VTEC
2016,73494,Petrol,Manual,423000.00000000006,Honda Amaze S
2019,10925,Petrol,Automatic,775000.0,Honda Amaze V
2016,35000,Petrol,Automatic,850000.0,Honda BR-V i-VTEC
2016,59000,Petrol,Manual,650000.0,Honda BR-V i-VTEC
2018,33000,Petrol,Automatic,899000.0,Honda City i-VTEC
2015,48509,Petrol,Automatic,585000.0,Honda Jazz 1.2
2016,64393,Petrol,Automatic,480000.0,Honda Jazz 1.2
2016,28000,Petrol,Manual,590000.0,Honda City i
2013,33912,Petrol,Manual,285000.0,Honda Brio S
2015,46000,Petrol,Automatic,545000.0,Honda Jazz 1.2
2009,70200,Petrol,Automatic,295000.0,Honda City 1.5
2014,30000,Petrol,Manual,675000.0,Honda City V
2017,70000,Petrol,Automatic,835000.0,Honda City ZX
2019,26000,Petrol,Manual,675000.0,Honda BR-V i-VTEC
2014,79074,Diesel,Manual,585000.0,Honda City i
2018,43326,Petrol,Manual,484999.99999999994,Honda Amaze EX
2014,79074,Petrol,Manual,585000.0,Honda City i
2010,72000,Petrol,Manual,280000.0,Honda City 1.5
2018,60000,Petrol,Manual,550000.0,Honda Amaze S
2017,30000,Petrol,Manual,695000.0,Honda City i
2015,40000,Petrol,Automatic,650000.0,Honda Jazz 1.2
2015,18000,Petrol,Automatic,725000.0,Honda City i
2014,70000,Diesel,Manual,434999.99999999994,Honda City i
2014,80000,Diesel,Manual,480000.0,Honda City i
2018,43326,Petrol,Manual,484999.99999999994,Honda Amaze E
2018,43326,Petrol,Manual,484999.99999999994,Honda Amaze E
2017,31000,Petrol,Manual,693000.0,Honda City i
2017,30991,Petrol,Automatic,950000.0,Honda City i-VTEC
2023,5000,Petrol,Manual,700000.0,Honda Amaze S
2015,88000,Petrol,Manual,449000.0,Honda Amaze S
2020,33174,Diesel,Manual,919999.9999999999,Honda WR-V i-DTEC
2013,110000,Diesel,Manual,200000.0,Honda Amaze E
2013,48500,Petrol,Manual,289000.0,Honda Brio VX
2015,140499,Diesel,Manual,530000.0,Honda City i
2012,66000,Petrol,Manual,365000.0,Honda City E
2015,120000,Diesel,Manual,400000.0,Honda Amaze S
2007,100000,Petrol,Manual,200000.0,Honda City GXi
2020,15000,Petrol,Manual,925000.0,Honda WR-V i-VTEC
2017,21000,Petrol,Manual,690000.0,Honda Jazz 1.2
2008,104184,Petrol,Manual,128000.0,Honda City EXi
2013,66000,Petrol,Manual,400000.0,Honda Brio S
2017,88600,Diesel,Manual,760000.0,Honda WR-V i-DTEC
2014,32000,Petrol,Manual,335000.0,Honda Brio S
2022,27690,Petrol,Manual,1050000.0,Honda City V
2012,91030,Petrol,Manual,308000.0,Honda City S
2017,38283,Petrol,Manual,675000.0,Honda BR-V i-VTEC
2014,39000,Petrol,Manual,351000.0,Honda Brio V
2015,125308,Petrol,Manual,500000.0,Honda City i
2014,58200,Petrol,Automatic,545000.0,Honda City i
2008,70000,Petrol,Manual,385000.0,Honda Civic 1.8
2014,80000,Diesel,Manual,545000.0,Honda City i
2014,28000,Petrol,Manual,300000.0,Honda Brio S
2021,2867,Petrol,Manual,750000.0,Honda Amaze S
2013,40393,Petrol,Manual,335000.0,Honda Amaze SX
2015,46067,Petrol,Automatic,475000.0,Honda Amaze S
2010,64000,Petrol,Manual,335000.0,Honda City 1.5
2013,41000,Petrol,Automatic,511000.00000000006,Honda Amaze VX
2015,69000,Petrol,Automatic,585000.0,Honda City i
2012,72452,Petrol,Manual,289000.0,Honda Brio S
2014,113136,Diesel,Manual,273000.0,Honda Amaze S
2015,44284,Petrol,Manual,360000.0,Honda Jazz 1.2
2008,81543,Petrol,Manual,231999.99999999997,Honda City 1.5
2014,81667,Petrol,Manual,450000.0,Honda Mobilio S
2018,62312,Diesel,Manual,550000.0,Honda Amaze S
2014,67683,Petrol,Manual,350000.0,Honda Mobilio V
2018,34025,Petrol,Manual,725000.0,Honda City i-VTEC
2015,74057,Petrol,Manual,689000.0,Honda City i
2010,133878,Petrol,Automatic,277000.0,Honda City 1.5
2018,27947,Petrol,Manual,750000.0,Honda City i-VTEC
2019,33500,Petrol,Automatic,1000000.0,Honda City i-VTEC
2014,100000,Diesel,Manual,540000.0,Honda City i
2016,50000,Petrol,Manual,400000.0,Honda Brio S
2018,25000,Petrol,Manual,745000.0,Honda WR-V i-VTEC
2019,23000,Petrol,Manual,850000.0,Honda BR-V i-VTEC
2015,64183,Petrol,Manual,356000.0,Honda Amaze S
2016,19434,Petrol,Manual,600000.0,Honda City i
2016,99548,Petrol,Automatic,690000.0,Honda City i
2015,77279,Diesel,Manual,350000.0,Honda Amaze S
2012,64000,Petrol,Manual,290000.0,Honda Brio V
2022,14879,Petrol,Manual,1275000.0,Honda City ZX
2017,94423,Petrol,Manual,315000.0,Honda Amaze E
2009,35958,Petrol,Manual,200000.0,Honda Jazz S
2013,82097,Petrol,Manual,213000.0,Honda Brio V
2017,38515,Petrol,Manual,710000.0,Honda City i
2009,83088,Petrol,Manual,196000.0,Honda City 1.5
2015,132349,Diesel,Manual,416000.0,Honda Jazz 1.5
2010,83013,Petrol,Manual,240000.0,Honda City 1.5
2010,102885,Petrol,Manual,177000.0,Honda Jazz Basic
2019,71508,Petrol,Automatic,1140000.0,Honda City ZX
2010,93275,Petrol,Manual,350000.0,Honda City 1.5
2012,57950,Petrol,Automatic,400000.0,Honda City V
2017,53000,Petrol,Manual,520000.0,Honda Amaze SX
2011,87487,Petrol,Manual,270000.0,Honda City 1.5
2017,19848,Petrol,Manual,700000.0,Honda WR-V i-VTEC
2016,56660,Petrol,Manual,745000.0,Honda City i
2019,14977,Petrol,Automatic,825000.0,Honda Amaze VX
2009,95980,Petrol,Manual,178000.0,Honda City 1.5
2009,44869,Petrol,Manual,250000.0,Honda City 1.5
2013,100085,Petrol,Manual,283000.0,Honda City E
2015,73948,Petrol,Manual,515000.00000000006,Honda City i
2012,80618,Petrol,Manual,285000.0,Honda Brio S
2010,85284,Petrol,Manual,325000.0,Honda City V
2018,29000,Petrol,Automatic,695000.0,Honda Jazz 1.2
2017,38000,Petrol,Manual,701000.0,Honda BR-V i-VTEC
2017,41000,Petrol,Automatic,750000.0,Honda City i-VTEC
2014,44688,Petrol,Manual,450000.0,Honda Amaze S
2014,29000,Petrol,Manual,425000.0,Honda Amaze SX
2017,51000,Petrol,Automatic,899000.0,Honda City i-VTEC
2016,61248,Petrol,Manual,375000.0,Honda Amaze SX
2017,63000,Petrol,Automatic,865000.0,Honda City i-VTEC
2014,56000,Petrol,Manual,515000.00000000006,Honda City i
2017,54184,Petrol,Manual,600000.0,Honda City i-VTEC
2015,26000,Petrol,Automatic,495000.0,Honda Amaze VX
2019,11000,Petrol,Automatic,745000.0,Honda Amaze S
2017,36000,Petrol,Manual,745000.0,Honda Jazz 1.2
2012,36000,Petrol,Automatic,475000.0,Honda City V
2017,39000,Petrol,Manual,725000.0,Honda City i
2016,41000,Petrol,Manual,625000.0,Honda City i
2016,37000,Petrol,Automatic,795000.0,Honda City i
2017,17000,Petrol,Manual,645000.0,Honda WR-V i-VTEC
2015,59000,Petrol,Manual,685000.0,Honda City V
2011,53418,Petrol,Manual,312000.0,Honda City 1.5
2012,8000,Petrol,Manual,285000.0,Honda Brio S
2014,110697,Diesel,Manual,404000.0,Honda City i
2013,26000,Petrol,Automatic,450000.0,Honda Amaze VX
2019,54000,Diesel,Manual,990000.0,Honda City i-DTEC
2012,48000,Petrol,Manual,275000.0,Honda Brio S
2008,131990,Petrol,Manual,151000.0,Honda City 1.5
2015,52932,Petrol,Manual,565000.0,Honda City i
2014,71481,Diesel,Manual,275000.0,Honda Amaze S
2015,110586,Diesel,Manual,540000.0,Honda City i
2010,61000,Petrol,Automatic,311000.0,Honda Civic 1.8
2021,22111,Petrol,Manual,900000.0,Honda City SV
2014,25900,Petrol,Manual,421000.0,Honda Amaze VX
2013,72071,Diesel,Manual,450000.0,Honda Amaze S
2014,87401,Petrol,Manual,310000.0,Honda Amaze S
2012,62000,Petrol,Manual,350000.0,Honda City S
2014,141088,Diesel,Manual,400000.0,Honda Amaze S
2011,52500,Petrol,Manual,409000.0,Honda City 1.5
2022,10885,Petrol,Automatic,956000.0,Honda Amaze VX
2018,80286,Diesel,Manual,670000.0,Honda WR-V i-DTEC
2014,55688,Petrol,Manual,380000.0,Honda Amaze E
2014,20663,Petrol,Manual,425000.0,Honda Amaze S
2017,29401,Petrol,Manual,715000.0,Honda BR-V i-VTEC
2020,18731,Petrol,Automatic,790000.0,Honda Amaze VX
2018,67181,Petrol,Automatic,825000.0,Honda City i-VTEC
2009,78766,Petrol,Automatic,270000.0,Honda City 1.5
2010,70000,Petrol,Manual,275000.0,Honda City 1.5
2017,70000,Petrol,Manual,750000.0,Honda City i
2020,30000,Petrol,Automatic,1150000.0,Honda City i-VTEC
2017,28000,Petrol,Manual,800000.0,Honda City i
2008,131474,Petrol,Manual,150000.0,Honda City GXi
2014,149237,Diesel,Manual,300000.0,Honda City i
2009,108406,Petrol,Manual,180000.0,Honda City 1.5
2013,74424,Petrol,Manual,229999.99999999997,Honda Brio S
2018,64812,Diesel,Manual,600000.0,Honda Amaze S
2016,32291,Petrol,Manual,700000.0,Honda City i
2009,65000,Petrol,Manual,245000.00000000003,Honda Civic 1.8
2016,78982,Petrol,Automatic,800000.0,Honda City i
2010,76000,Petrol,Manual,260000.0,Honda City 1.5
2008,71000,Petrol,Automatic,195000.0,Honda Civic 1.8
2009,103913,Petrol,Manual,231999.99999999997,Honda City 1.5
2019,21000,Petrol,Manual,734000.0,Honda Amaze VX
2020,35000,Petrol,Manual,799000.0,Honda City i-VTEC
2019,35000,Petrol,Manual,799000.0,Honda City i-VTEC
2014,135538,Diesel,Manual,350000.0,Honda City i
2014,116734,Diesel,Manual,550000.0,Honda Mobilio S
2019,22000,Petrol,Manual,600000.0,Honda Amaze S
2019,22000,Petrol,Manual,965000.0,Honda City V
2009,73193,Petrol,Manual,196000.0,Honda City 1.5
2017,43741,Diesel,Manual,650000.0,Honda WR-V i-DTEC
2015,56597,Diesel,Manual,515000.00000000006,Honda City i
2015,94972,Petrol,Manual,660000.0,Honda City i
2016,92448,Petrol,Manual,450000.0,Honda Jazz 1.2
2011,70000,Petrol,Automatic,375000.0,Honda City 1.5
2011,81846,Petrol,Manual,386000.0,Honda City S
2018,56400,Petrol,Manual,699000.0,Honda Amaze VX
2008,123000,Petrol,Manual,165000.0,Honda City GXi
2012,81572,Petrol,Manual,300000.0,Honda City S
2013,114565,Diesel,Manual,212000.0,Honda Amaze S
2017,59835,Diesel,Manual,470000.0,Honda WR-V i-DTEC
2015,71773,Diesel,Manual,430000.0,Honda City i
2009,107124,Petrol,Automatic,175000.0,Honda City 1.5
2005,59124,Petrol,Manual,151000.0,Honda City 1.5
2004,101752,Petrol,Automatic,317000.0,Honda CR-V 2.4
2013,75245,Petrol,Manual,225000.0,Honda Brio VX
2008,125051,Petrol,Manual,120000.0,Honda City GXi
2014,97285,Diesel,Manual,394000.0,Honda City i
2019,21744,Petrol,Manual,550000.0,Honda Amaze S
2018,22000,Petrol,Automatic,700000.0,Honda City i-VTEC
2014,56000,Petrol,Manual,545000.0,Honda City i
2015,64000,Diesel,Manual,549000.0,Honda City i
2017,30000,Petrol,Automatic,890000.0,Honda City i
2019,22000,Petrol,Manual,790000.0,Honda WR-V Edge
2016,35620,Petrol,Manual,750000.0,Honda City i
2018,24530,Petrol,Manual,760000.0,Honda Jazz 1.2
2021,4001,Petrol,Automatic,950000.0,Honda Amaze VX
2019,30935,Petrol,Manual,740000.0,Honda Jazz 1.2
2015,35200,Petrol,Automatic,625000.0,Honda Jazz V
2015,103522,Petrol,Automatic,550000.0,Honda City i
2015,28451,Diesel,Manual,700000.0,Honda City i
2011,119822,Petrol,Manual,237000.0,Honda City 1.5
2018,21644,Petrol,Automatic,650000.0,Honda Amaze V
2010,59556,Petrol,Manual,195000.0,Honda City 1.5
2014,84107,Diesel,Manual,265000.0,Honda Amaze E
2012,65577,Petrol,Manual,315000.0,Honda Jazz X
2015,32191,Petrol,Manual,475000.0,Honda City i
2016,59235,Diesel,Manual,711000.0,Honda BR-V i-DTEC
2019,22700,Petrol,Automatic,750000.0,Honda Amaze V
2015,29000,Petrol,Automatic,1295000.0,Honda CR-V 2.4L
2021,5317,Petrol,Manual,1139000.0,Honda City V
2020,60714,Petrol,Manual,690000.0,Honda Amaze S
2014,119824,Diesel,Manual,296000.0,Honda Amaze S
2015,69204,Petrol,Manual,560000.0,Honda City i
2015,72900,Diesel,Manual,575000.0,Honda Jazz 1.5
2016,55000,Petrol,Manual,425000.0,Honda Amaze S
2013,37000,Petrol,Manual,299000.0,Honda Brio VX
2015,50500,Diesel,Manual,649000.0,Honda City i
2014,59000,Petrol,Automatic,1050000.0,Honda CR-V 2.4L
2017,25000,Petrol,Manual,598000.0,Honda WR-V i-VTEC
2011,67000,Petrol,Automatic,325000.0,Honda City 1.5
2015,81000,Petrol,Manual,393000.0,Honda Amaze S
2017,97526,Diesel,Manual,635000.0,Honda WR-V i-DTEC
2012,65865,Petrol,Manual,239000.0,Honda Brio S
2010,89191,Petrol,Manual,261000.0,Honda City 1.5
2008,74139,Petrol,Automatic,313000.0,Honda CR-V 2.4
2021,28183,Diesel,Manual,850000.0,Honda Amaze S
2017,28419,Petrol,Automatic,850000.0,Honda City i-VTEC
2010,67000,Petrol,Manual,390000.0,Honda Accord 2.4
2017,45556,Petrol,Manual,500000.0,Honda Amaze S
2015,74000,Petrol,Automatic,1175000.0,Honda CR-V 2.4L
2013,48000,Petrol,Manual,245000.00000000003,Honda Amaze EX
2014,59218,Petrol,Manual,550000.0,Honda City i
2014,74000,Petrol,Manual,389000.0,Honda Amaze S
2019,32000,Petrol,Automatic,1025000.0,Honda City i-VTEC
2013,45000,Petrol,Manual,375000.0,Honda City S
2014,82709,Diesel,Manual,275000.0,Honda Amaze S
2017,14073,Petrol,Manual,670000.0,Honda Jazz 1.2
2010,120023,Petrol,Automatic,240000.0,Honda City 1.5
2017,31238,Petrol,Automatic,500000.0,Honda Jazz 1.2
2015,65000,Petrol,Automatic,525000.0,Honda Jazz V
2015,48000,Petrol,Automatic,765000.0,Honda City i
2017,42000,Diesel,Manual,740000.0,Honda BR-V i-DTEC
2013,54000,Diesel,Manual,465000.00000000006,Honda Amaze S
2014,33000,Petrol,Automatic,575000.0,Honda City i
2020,64092,Petrol,Manual,1000000.0,Honda City V
2015,80000,Diesel,Manual,480000.0,Honda Amaze SX
2009,127986,Petrol,Manual,300000.0,Honda City 1.5
2015,30041,Petrol,Manual,480000.0,Honda Amaze S
2015,51000,Petrol,Manual,455999.99999999994,Honda Jazz 1.2
2015,94670,Petrol,Automatic,600000.0,Honda City i
2016,92000,Diesel,Manual,650000.0,Honda Jazz 1.5
2017,15500,Petrol,Manual,750000.0,Honda WR-V i-VTEC
2015,31135,Petrol,Manual,480000.0,Honda Amaze S
2017,14453,Petrol,Automatic,670000.0,Honda Jazz V
2013,48219,Petrol,Manual,250000.0,Honda Brio S
2017,34721,Petrol,Manual,550000.0,Honda Amaze S
2022,5000,Petrol,Manual,1080000.0,Honda City V
2016,50900,Petrol,Manual,660000.0,Honda City i
2015,85291,Petrol,Manual,600000.0,Honda City i
2015,55000,Petrol,Manual,530000.0,Honda City V
2017,72718,Diesel,Manual,500000.0,Honda WR-V i-DTEC
2017,27000,Petrol,Manual,511000.00000000006,Honda Jazz 1.2
2013,53313,Petrol,Manual,280000.0,Honda Brio S
2009,110000,Petrol,Manual,250000.0,Honda City 1.5
2007,40000,Petrol,Manual,310000.0,Honda Civic 1.8
2005,111279,Petrol,Manual,173000.0,Honda City 1.5
2017,25000,Petrol,Manual,950000.0,Honda City i
2016,46564,Petrol,Manual,550000.0,Honda City i
2009,92034,Petrol,Automatic,200000.0,Honda Civic 1.8
2013,29126,Petrol,Manual,425000.0,Honda City E
2014,45882,Petrol,Automatic,600000.0,Honda City i
2013,23000,Petrol,Automatic,484999.99999999994,Honda City 1.5
2014,70262,Diesel,Manual,550000.0,Honda City i
2004,109381,Petrol,Manual,150000.0,Honda City 1.5
2016,36858,Petrol,Automatic,675000.0,Honda Amaze V
2016,32253,Petrol,Automatic,509999.99999999994,Honda City i
2017,75185,Petrol,Manual,800000.0,Honda City i
2016,56471,Petrol,Manual,600000.0,Honda BR-V i-VTEC
2013,88000,Diesel,Manual,250000.0,Honda Amaze S
2016,82000,Diesel,Manual,725000.0,Honda City i
2016,43000,Petrol,Automatic,790000.0,Honda City i
2012,47000,Petrol,Manual,229999.99999999997,Honda Brio S
2009,85682,Petrol,Manual,195000.0,Honda City 1.5
2007,45832,Petrol,Manual,150000.0,Honda Civic 1.8
2013,70000,Petrol,Automatic,325000.0,Honda Brio V
2018,110000,Diesel,Manual,570000.0,Honda Amaze i-DTEC
2012,80000,Petrol,Manual,200000.0,Honda Brio V
2010,50000,Petrol,Manual,275000.0,Honda City 1.5
2018,137976,Diesel,Manual,459999.99999999994,Honda Amaze S
2016,60000,Petrol,Manual,409999.99999999994,Honda Amaze S
2009,30296,Petrol,Manual,250000.0,Honda City 1.5
2018,50000,Diesel,Automatic,730000.0,Honda Amaze S
2009,102816,Petrol,Automatic,180000.0,Honda City 1.5
2017,23239,Petrol,Manual,450000.0,Honda Amaze S
2009,109989,Petrol,Manual,280000.0,Honda Civic 1.8
2019,53862,Petrol,Manual,740000.0,Honda WR-V i-VTEC
2008,120000,Petrol,Manual,190000.0,Honda City GXi
2012,49000,Petrol,Manual,249000.00000000003,Honda Brio S
2017,79968,Diesel,Manual,600000.0,Honda Amaze E
2015,50000,Petrol,Manual,650000.0,Honda City i
2019,32699,Petrol,Automatic,750000.0,Honda Jazz VX
2017,51000,Petrol,Automatic,899000.0,Honda City i-VTEC
2014,122698,Petrol,Manual,550000.0,Honda City i
2018,110000,Diesel,Manual,750000.0,Honda WR-V i-DTEC
2022,20000,Petrol,Manual,750000.0,Honda Amaze S
2017,64000,Petrol,Automatic,850000.0,Honda City VX
2013,128431,Petrol,Manual,280000.0,Honda Brio EX
2014,44901,Diesel,Manual,300000.0,Honda City i
2019,82900,Petrol,Automatic,1250000.0,Honda City VX
2017,60000,Petrol,Manual,800000.0,Honda City V
2018,51000,Petrol,Manual,825000.0,Honda City V
2021,15000,Petrol,Automatic,751000.0,Honda Amaze Exclusive
2012,64000,Petrol,Manual,475000.0,Honda Jazz X
2015,63000,Petrol,Automatic,1290000.0,Honda CR-V 2.4L
2010,92000,Petrol,Manual,250000.0,Honda City 1.5
2014,146732,Petrol,Manual,370000.0,Honda City SV
2009,72000,Petrol,Automatic,195000.0,Honda Civic 1.8
2021,6000,Petrol,Manual,975000.0,Honda City SV
2014,40748,Petrol,Manual,370000.0,Honda Amaze S
2012,46761,Petrol,Manual,450000.0,Honda City E
2009,108450,Petrol,Manual,200000.0,Honda City 1.5
2015,12710,Petrol,Manual,340000.0,Honda Amaze SX
2014,80000,Petrol,Manual,575000.0,Honda City i
2019,13106,Petrol,Manual,600000.0,Honda Amaze S
2015,109839,Diesel,Manual,550000.0,Honda City i
2019,80146,Petrol,Manual,732000.0,Honda City V
2005,91687,Petrol,Manual,150000.0,Honda City 1.5
2008,68013,Petrol,Manual,135000.0,Honda City GXi
2017,100385,Petrol,Manual,633000.0,Honda City i
2014,67245,Diesel,Manual,400000.0,Honda City i
2010,70590,Petrol,Manual,375000.0,Honda City 1.5
2010,94233,Petrol,Manual,220000.00000000003,Honda City 1.5
2008,110000,Petrol,Manual,110000.00000000001,Honda City GXi
2011,103000,Petrol,Manual,450000.0,Honda Civic 1.8
2014,75480,Petrol,Manual,650000.0,Honda City i
2010,87000,Petrol,Manual,395000.0,Honda City 1.5
2016,50393,Diesel,Manual,550000.0,Honda City i
2012,71320,Petrol,Manual,210000.0,Honda Brio S
2014,66776,Diesel,Manual,229999.99999999997,Honda Amaze S
2010,76436,Petrol,Manual,210000.0,Honda City 1.5
2016,28232,Petrol,Manual,400000.0,Honda Jazz 1.2
2018,23733,Petrol,Automatic,900000.0,Honda City i-VTEC
2019,35000,Petrol,Manual,722000.0,Honda Amaze VX
2012,74103,Petrol,Manual,335000.0,Honda City S
2010,70000,Petrol,Manual,200000.0,Honda City 1.5
2017,110000,Diesel,Manual,550000.0,Honda Amaze i-DTEC
2016,120000,Diesel,Manual,450000.0,Honda BR-V i-DTEC
2014,121147,Diesel,Manual,300000.0,Honda City i
2019,120000,Diesel,Manual,650000.0,Honda WR-V i-DTEC
2009,76831,Petrol,Manual,222000.00000000003,Honda City 1.5
2017,37000,Petrol,Automatic,625000.0,Honda Jazz 1.2
2020,10000,Petrol,Manual,670000.0,Honda Amaze S
2016,51179,Petrol,Automatic,600000.0,Honda Amaze S
2019,29461,Petrol,Manual,550000.0,Honda Amaze E
2009,93909,Petrol,Manual,114999.99999999999,Honda City 1.5
2010,95618,Petrol,Manual,301000.0,Honda City 1.5
2015,95338,Diesel,Manual,225000.0,Honda Amaze S
2008,100000,Petrol,Automatic,200000.0,Honda Civic 1.8
2016,40000,Petrol,Manual,575000.0,Honda Amaze VX
2010,120000,Petrol,Manual,500000.0,Honda City 1.5
2015,86000,Petrol,Manual,430000.0,Honda Amaze S
2011,67507,Petrol,Manual,550000.0,Honda Accord 2.4
2009,90000,Petrol,Manual,300000.0,Honda City 1.5
2021,20900,Petrol,Manual,825000.0,Honda Amaze VX
2011,70000,Petrol,Manual,330000.0,Honda City 1.5
2014,125690,Diesel,Manual,245000.00000000003,Honda Amaze S
2017,46729,Petrol,Manual,750000.0,Honda City i
2016,84067,Petrol,Manual,450000.0,Honda Jazz 1.2
2017,17687,Petrol,Manual,900000.0,Honda City i
2016,129835,Diesel,Manual,520000.0,Honda City i
2015,56616,Petrol,Manual,399000.0,Honda Amaze S
2015,100000,Diesel,Manual,620000.0,Honda City i
2007,67811,Petrol,Manual,208000.0,Honda Civic 1.8
2015,65041,Petrol,Manual,409000.0,Honda Amaze S
2015,60130,Diesel,Manual,480000.0,Honda Amaze VX
2017,38000,Petrol,Manual,725000.0,Honda City i
2015,95430,Petrol,Manual,500000.0,Honda City i
2014,60000,Petrol,Manual,434999.99999999994,Honda Amaze S
2016,60000,Petrol,Manual,459000.0,Honda Amaze E
2018,80000,Petrol,Automatic,900000.0,Honda City i-VTEC
2019,42240,Diesel,Manual,800000.0,Honda City i-DTEC
2015,112403,Diesel,Manual,300000.0,Honda Amaze S
2017,32422,Petrol,Automatic,850000.0,Honda City i-VTEC
2014,115181,Diesel,Manual,527000.0,Honda Mobilio S
2014,88385,Diesel,Manual,550000.0,Honda City i
2013,32654,Petrol,Manual,325000.0,Honda Brio S
2019,35000,Petrol,Manual,795000.0,Honda BR-V i-VTEC
2014,30692,Petrol,Manual,395000.0,Honda Amaze E
2016,52000,Petrol,Manual,700000.0,Honda City i
2014,115068,Petrol,Automatic,550000.0,Honda City i
2009,90000,Petrol,Manual,300000.0,Honda City S
2015,50500,Petrol,Manual,649000.0,Honda City i
2017,74000,Diesel,Manual,825000.0,Honda City i
2015,49848,Petrol,Manual,650000.0,Honda City i
2019,12494,Petrol,Manual,600000.0,Honda Amaze V
2015,29822,Petrol,Manual,500000.0,Honda Amaze SX
2017,57253,Petrol,Manual,320000.0,Honda Brio 1.2
2016,43977,Petrol,Manual,624000.0,Honda City i
2010,82000,Petrol,Manual,351000.0,Honda Accord 2.4
2017,30000,Petrol,Automatic,500000.0,Honda Amaze S
2011,68000,Petrol,Automatic,310000.0,Honda Civic 1.8
2008,104000,Petrol,Manual,180000.0,Honda City GXi
2010,100000,Petrol,Manual,400000.0,Honda Accord 2.4
2016,50000,Petrol,Manual,600000.0,Honda City i
2016,83797,Petrol,Automatic,750000.0,Honda City i
2009,131773,Petrol,Manual,150000.0,Honda Civic 1.8
2011,82542,Petrol,Manual,301000.0,Honda City 1.5
2014,8696,Petrol,Manual,400000.0,Honda Mobilio V
2014,79303,Diesel,Manual,200000.0,Honda Amaze EX
2014,22377,Petrol,Manual,600000.0,Honda City i
2011,71199,Petrol,Manual,285000.0,Honda City S
2009,78216,Petrol,Manual,100000.0,Honda Jazz Basic
2013,93430,Petrol,Manual,400000.0,Honda City S
2005,106719,Petrol,Manual,125000.0,Honda City EXi
2012,74634,Petrol,Manual,385000.0,Honda City Corporate
2015,32495,Diesel,Manual,609000.0,Honda Jazz 1.5
2016,40831,Petrol,Manual,450000.0,Honda Amaze S
2017,22735,Petrol,Manual,715000.0,Honda City i
2014,138942,Petrol,Manual,250000.0,Honda Amaze S
2009,114846,Petrol,Manual,130000.0,Honda City 1.5
2020,52771,Petrol,Automatic,585000.0,Honda Amaze S
2018,29000,Petrol,Automatic,780000.0,Honda Amaze V
2019,32000,Petrol,Automatic,990000.0,Honda City i-VTEC
2017,62000,Petrol,Automatic,690000.0,Honda BR-V i-VTEC
2016,62157,Petrol,Automatic,1295000.0,Honda CR-V 2.0L
2008,114502,Petrol,Manual,100000.0,Honda Civic 1.8
2016,16000,Petrol,Manual,465000.00000000006,Honda Brio VX
2014,55000,Petrol,Manual,525000.0,Honda City i
2018,56069,Diesel,Manual,610000.0,Honda Amaze VX
2014,80000,Petrol,Manual,751000.0,Honda CR-V 2.0L
2015,50000,Diesel,Manual,555000.0,Honda City i
2015,49970,Diesel,Manual,650000.0,Honda City i
2016,16300,Petrol,Automatic,600000.0,Honda City i
2009,130135,Petrol,Automatic,250000.0,Honda City 1.5
2015,30833,Petrol,Manual,500000.0,Honda Mobilio V
2016,42000,Petrol,Manual,365000.0,Honda Jazz 1.2
2018,40000,Diesel,Manual,715000.0,Honda WR-V i-DTEC
2007,80000,Petrol,Manual,150000.0,Honda City GXi
2010,56000,Petrol,Manual,245000.00000000003,Honda City 1.5
2010,40000,Petrol,Automatic,400000.0,Honda Civic 1.8
2022,3500,Petrol,Manual,1125000.0,Honda City V
2015,107252,Diesel,Manual,290000.0,Honda Amaze S
2016,43987,Petrol,Manual,392000.0,Honda Amaze S
2022,2758,Petrol,Manual,700000.0,Honda Amaze S
2009,149155,Petrol,Manual,309000.0,Honda City 1.5
2014,90962,Diesel,Manual,350000.0,Honda Mobilio V
2021,12313,Petrol,Automatic,932000.0,Honda Amaze VX
2006,84002,Petrol,Manual,150000.0,Honda City GXi
2013,55164,Petrol,Manual,275000.0,Honda Amaze VX
2016,38260,Petrol,Automatic,650000.0,Honda Jazz 1.2
2018,44255,Diesel,Manual,620000.0,Honda WR-V i-DTEC
2014,37950,Petrol,Manual,415000.00000000006,Honda City i
2015,96395,Diesel,Manual,400000.0,Honda City i
2013,43693,Petrol,Manual,225000.0,Honda Brio S
2009,95515,Petrol,Manual,300000.0,Honda City 1.5
2017,25550,Petrol,Automatic,800000.0,Honda City i-VTEC
2021,6605,Petrol,Manual,1000000.0,Honda City V
2014,84504,Diesel,Manual,300000.0,Honda Mobilio S
2014,74884,Diesel,Manual,350000.0,Honda Amaze S
2019,16549,Petrol,Automatic,900000.0,Honda BR-V i-VTEC
2009,116146,Petrol,Manual,200000.0,Honda City 1.5
2010,57788,Petrol,Manual,130000.0,Honda Jazz Basic
2016,73147,Petrol,Manual,500000.0,Honda City i
2014,16802,Petrol,Manual,500000.0,Honda City i
2014,66411,Diesel,Manual,700000.0,Honda City i
2015,31111,Petrol,Manual,400000.0,Honda Amaze S
2021,7909,Petrol,Manual,700000.0,Honda Amaze S
2016,52500,Petrol,Manual,565000.0,Honda Jazz 1.2
2014,134397,Diesel,Manual,575000.0,Honda City i
2009,92128,Petrol,Manual,178000.0,Honda City 1.5
2014,148000,Diesel,Manual,350000.0,Honda Amaze VX
2014,85105,Petrol,Automatic,900000.0,Honda CR-V 2.4L
2014,104790,Diesel,Manual,400000.0,Honda City i
2018,64000,Petrol,Automatic,775000.0,Honda Jazz 1.2
2007,127220,Petrol,Manual,185000.0,Honda City EXi
2018,33694,Diesel,Manual,649000.0,Honda Amaze V
2014,110481,Diesel,Manual,500000.0,Honda City i
2011,33893,Petrol,Manual,300000.0,Honda Civic 1.8
2022,20000,Petrol,Automatic,815000.0,Honda Amaze S
2016,39000,Diesel,Manual,610000.0,Honda City i
2015,71000,Petrol,Manual,475000.0,Honda Jazz V
2012,120088,Petrol,Manual,325000.0,Honda City V
2013,74680,Petrol,Manual,362000.0,Honda City S
2013,43500,Petrol,Manual,421000.0,Honda City S
2014,68978,Diesel,Manual,280000.0,Honda Amaze S
2019,23561,Diesel,Manual,1100000.0,Honda BR-V i-DTEC
2012,145956,Petrol,Automatic,365000.0,Honda City 1.5
2015,105773,Diesel,Manual,350000.0,Honda City i
2022,15000,Petrol,Automatic,800000.0,Honda Amaze S
2010,70000,Petrol,Manual,200000.0,Honda Civic 1.8
2017,51920,Petrol,Manual,710000.0,Honda City i-VTEC
2010,50965,Petrol,Manual,250000.0,Honda City 1.5
2013,63525,Petrol,Automatic,400000.0,Honda City 1.5
2019,110785,Petrol,Manual,550000.0,Honda Amaze S
2022,5362,Petrol,Automatic,1000000.0,Honda Amaze VX
2015,47441,Petrol,Manual,550000.0,Honda City i
2014,149990,Diesel,Manual,275000.0,Honda City i
2016,41163,Diesel,Manual,650000.0,Honda BR-V i-DTEC
2010,26900,Petrol,Manual,300000.0,Honda City 1.5
2015,100000,Diesel,Manual,685000.0,Honda City i
2011,107403,Petrol,Manual,310000.0,Honda Civic 1.8
2008,70000,Petrol,Manual,125000.0,Honda City GXi
2014,41052,Petrol,Manual,265000.0,Honda Brio S
2015,126637,Petrol,Manual,300000.0,Honda Amaze S
2011,76140,Petrol,Manual,425000.0,Honda Jazz X
2021,38352,Petrol,Manual,785000.0,Honda Amaze VX
2021,38352,Petrol,Manual,785000.0,Honda Amaze VX
2013,28000,Petrol,Manual,459999.99999999994,Honda City i
2017,31000,Diesel,Manual,975000.0,Honda City i-DTEC
2020,60714,Petrol,Manual,690000.0,Honda Amaze S
2013,136323,Diesel,Manual,300000.0,Honda Amaze EX
2016,25314,Petrol,Manual,755000.0,Honda City i
2020,26504,Petrol,Manual,587000.0,Honda Amaze S
2014,85533,Diesel,Manual,309000.0,Honda City i
2015,47438,Diesel,Manual,484999.99999999994,Honda City i
2014,47000,Petrol,Manual,555000.0,Honda City i
2013,54341,Petrol,Automatic,627000.0,Honda City V
2015,80000,Diesel,Manual,450000.0,Honda Mobilio RS
2015,40000,Petrol,Automatic,550000.0,Honda City i
2015,85000,Diesel,Manual,495000.0,Honda Mobilio E
2015,55331,Petrol,Manual,590000.0,Honda City i
2016,80815,Petrol,Manual,680000.0,Honda City i
2010,80910,Petrol,Manual,165000.0,Honda Civic 1.8
2012,51902,Petrol,Manual,300000.0,Honda City S
2017,42000,Petrol,Manual,480000.0,Honda Jazz 1.2
2009,82000,Petrol,Manual,285000.0,Honda City 1.5
2009,45000,Petrol,Manual,225000.0,Honda Jazz Basic
2013,61000,Petrol,Manual,390000.0,Honda City i
2020,32093,Petrol,Manual,560000.0,Honda Amaze S
2009,97241,Petrol,Automatic,750000.0,Honda Accord 2.4
2012,135435,Petrol,Manual,400000.0,Honda City V
2018,53955,Diesel,Automatic,675000.0,Honda Amaze V
2012,72903,Petrol,Automatic,500000.0,Honda City 1.5
2010,41510,Petrol,Manual,300000.0,Honda Civic 1.8
2009,87163,Petrol,Manual,100000.0,Honda City 1.5
2017,20619,Petrol,Manual,600000.0,Honda WR-V i-VTEC
2015,19673,Petrol,Manual,350000.0,Honda Amaze S
2015,53560,Petrol,Automatic,300000.0,Honda Brio VX
2008,106485,Petrol,Manual,300000.0,Honda City 1.5
2012,47217,Petrol,Manual,220000.00000000003,Honda Brio S
2007,130000,Petrol,Automatic,200000.0,Honda Accord VTi-L
2019,87000,Petrol,Manual,650000.0,Honda Amaze S
2017,53000,Petrol,Manual,640000.0,Honda City i
2009,64533,Petrol,Automatic,450000.0,Honda Accord 2.4
2014,91000,Diesel,Manual,530000.0,Honda City i
2021,103000,Petrol,Manual,975000.0,Honda City V
2021,10000,Petrol,Manual,1255000.0,Honda City VX
2013,113924,Diesel,Manual,300000.0,Honda Amaze S
2009,95000,Petrol,Manual,295000.0,Honda City 1.5
2009,128853,Petrol,Manual,300000.0,Honda Civic 1.8
2015,125000,Diesel,Manual,600000.0,Honda City i
2014,92509,Diesel,Manual,500000.0,Honda City i
2012,55467,Petrol,Automatic,395000.0,Honda City V
2016,59010,Petrol,Automatic,780000.0,Honda City i
2015,57449,Petrol,Automatic,575000.0,Honda City i
2016,61221,Petrol,Automatic,800000.0,Honda City i
2012,48000,Petrol,Manual,275000.0,Honda Brio S
2016,43000,Petrol,Manual,530000.0,Honda Jazz 1.2
2014,35200,Petrol,Manual,370000.0,Honda Amaze S
2010,91744,Petrol,Manual,229999.99999999997,Honda City 1.5
2012,73453,Petrol,Manual,225000.0,Honda Brio V
2010,90000,Petrol,Automatic,229999.99999999997,Honda City V
2013,71644,Petrol,Manual,500000.0,Honda Amaze S
2012,70000,Petrol,Manual,350000.0,Honda Jazz S
2016,36000,Petrol,Manual,631000.0,Honda City i
2007,119515,Petrol,Manual,150000.0,Honda City VTEC
2014,41576,Diesel,Manual,450000.0,Honda City i
2020,35000,Petrol,Manual,1295000.0,Honda City ZX
2015,36000,Petrol,Manual,400000.0,Honda Jazz 1.2
2015,121940,Diesel,Manual,295000.0,Honda Amaze S
2017,24779,Petrol,Automatic,550000.0,Honda Jazz 1.2
2009,118383,Petrol,Manual,120000.0,Honda Jazz S
2022,5132,Petrol,Automatic,850000.0,Honda Amaze VX
2020,21795,Petrol,Manual,630000.0,Honda Amaze S
2015,100818,Diesel,Manual,450000.0,Honda City i
2014,91332,Diesel,Manual,229999.99999999997,Honda Amaze S
2017,47258,Petrol,Automatic,850000.0,Honda City i-VTEC
2009,95409,Petrol,Manual,250000.0,Honda City 1.5
2009,43489,Petrol,Manual,200000.0,Honda City 1.5
2017,71359,Petrol,Manual,700000.0,Honda BR-V i-VTEC
2010,87362,Petrol,Manual,200000.0,Honda City 1.5
2008,80000,Petrol,Manual,200000.0,Honda Civic 1.8
2014,79000,Petrol,Automatic,799000.0,Honda CR-V 2.4L
2017,40000,Diesel,Manual,490000.00000000006,Honda Amaze S
2014,43000,Petrol,Manual,525000.0,Honda City i
2000,80000,Petrol,Manual,170000.0,Honda City 1.3
2016,46000,Petrol,Automatic,595000.0,Honda Amaze V
2014,78000,Diesel,Manual,625000.0,Honda Mobilio RS
2019,30000,Petrol,Manual,699000.0,Honda Amaze S
2018,54000,Diesel,Manual,825000.0,Honda WR-V i-DTEC
2016,110000,Diesel,Manual,515000.00000000006,Honda Jazz 1.5
2014,90000,Diesel,Manual,445000.0,Honda City i
2019,30000,Petrol,Automatic,865000.0,Honda Jazz VX
2012,70000,Petrol,Manual,290000.0,Honda Jazz Basic
2014,80000,Diesel,Manual,459999.99999999994,Honda Amaze S
2006,90000,Petrol,Manual,140000.0,Honda City GXi
2014,110000,Diesel,Manual,530000.0,Honda City i
2012,62500,Petrol,Automatic,350000.0,Honda City 1.5
2014,42000,Petrol,Manual,495000.0,Honda Mobilio V
2017,120000,Diesel,Manual,300000.0,Honda Amaze E
2019,120000,Diesel,Manual,600000.0,Honda Amaze Exclusive
2017,58646,Petrol,Automatic,749000.0,Honda BR-V i-VTEC
2014,50000,Petrol,Manual,375000.0,Honda City i
2019,40000,Petrol,Manual,550000.0,Honda Jazz VX
2017,52000,Petrol,Manual,610000.0,Honda Jazz V
2016,45000,Petrol,Manual,409999.99999999994,Honda Brio 1.2
2019,40000,Diesel,Manual,1090000.0,Honda City i-DTEC
2016,70000,Diesel,Manual,570000.0,Honda Amaze S
2016,40001,Petrol,Automatic,625000.0,Honda Jazz V
2012,90000,Petrol,Manual,430000.0,Honda City V
2019,30000,Petrol,Manual,750000.0,Honda WR-V i-VTEC
2018,90000,Diesel,Manual,750000.0,Honda Amaze VX
2018,60000,Petrol,Manual,550000.0,Honda Jazz 1.2
2014,85269,Petrol,Manual,300000.0,Honda Brio S
2010,105248,Petrol,Manual,300000.0,Honda City 1.5
2018,33412,Petrol,Manual,840000.0,Honda City i-VTEC
2019,30258,Petrol,Manual,950000.0,Honda City V
2009,67300,Petrol,Automatic,235000.0,Honda City 1.5
2018,87482,Diesel,Manual,750000.0,Honda WR-V i-DTEC
2017,76858,Petrol,Manual,490000.00000000006,Honda Jazz 1.2
2012,34391,Petrol,Manual,390000.0,Honda Jazz 1.2
2016,46000,Petrol,Manual,500000.0,Honda Amaze VX
2020,10000,Petrol,Manual,650000.0,Honda Amaze S
2010,77000,Petrol,Manual,325000.0,Honda City 1.5
2014,80000,Diesel,Manual,500000.0,Honda City i
2018,70000,Diesel,Manual,750000.0,Honda WR-V i-DTEC
2015,45093,Petrol,Manual,575000.0,Honda Jazz 1.2
2009,78000,Petrol,Manual,249000.00000000003,Honda City 1.5
2015,53217,Petrol,Manual,495000.0,Honda Jazz 1.2
2018,21000,Petrol,Manual,695000.0,Honda WR-V Edge
2018,28000,Petrol,Manual,825000.0,Honda WR-V i-VTEC
2017,21000,Petrol,Manual,499000.0,Honda Amaze S
2015,75000,Petrol,Manual,525000.0,Honda City i
2018,43800,Petrol,Manual,745000.0,Honda WR-V i-VTEC
2015,60000,Petrol,Manual,459999.99999999994,Honda Brio S
2015,96409,Petrol,Automatic,590000.0,Honda City i
2009,60000,Petrol,Manual,170000.0,Honda City 1.5
2017,50000,Diesel,Manual,750000.0,Honda WR-V i-DTEC
2014,82410,Diesel,Manual,660000.0,Honda City i
2017,68011,Petrol,Automatic,700000.0,Honda Jazz 1.2
2016,33000,Petrol,Manual,495000.0,Honda Jazz 1.2
2014,142000,Diesel,Manual,715000.0,Honda City i
2018,53416,Petrol,Manual,795000.0,Honda City i-VTEC
2015,74030,Petrol,Manual,750000.0,Honda City VX
2014,120000,Diesel,Manual,450000.0,Honda Mobilio V
2018,45915,Petrol,Automatic,625000.0,Honda Jazz VX
2012,80000,Petrol,Manual,300000.0,Honda City E
2019,30000,Diesel,Manual,650000.0,Honda Amaze S
2010,50000,Petrol,Manual,350000.0,Honda City 1.5
2017,15711,Petrol,Manual,625000.0,Honda Mobilio V
2017,17000,Petrol,Manual,575000.0,Honda Amaze S
2015,66795,Petrol,Automatic,649000.0,Honda City i
2016,68000,Petrol,Manual,440000.00000000006,Honda Brio V
2016,67473,Petrol,Automatic,595000.0,Honda Jazz 1.2
2009,83000,Petrol,Manual,245000.00000000003,Honda City 1.5
2008,80000,Petrol,Manual,125000.0,Honda CR-V 2.0
2009,65000,Petrol,Manual,175000.0,Honda City 1.5
2015,68000,Diesel,Manual,530000.0,Honda City i
2015,53000,Diesel,Manual,330000.0,Honda Amaze S
2016,58871,Petrol,Automatic,780000.0,Honda City 1.5
2015,55000,Petrol,Automatic,590000.0,Honda City 1.5
2016,50000,Diesel,Manual,425000.0,Honda Jazz 1.5
2018,54000,Petrol,Automatic,680000.0,Honda Jazz V
2021,60000,Diesel,Manual,422000.0,Honda Amaze S
2017,40430,Petrol,Automatic,625000.0,Honda Jazz V
2016,53025,Petrol,Automatic,745000.0,Honda City i
2014,50857,Petrol,Manual,525000.0,Honda City SV
2015,45112,Petrol,Manual,690000.0,Honda City i
2010,60000,Petrol,Manual,245000.00000000003,Honda Accord 2.4
2014,70000,Petrol,Manual,320000.0,Honda Amaze VX
2014,70000,Diesel,Manual,300000.0,Honda Amaze S
2012,70000,Petrol,Manual,280000.0,Honda Jazz X
2014,117000,Petrol,Manual,280000.0,Honda Amaze E
2021,33500,Petrol,Automatic,1250000.0,Honda City VX
2015,120000,Diesel,Manual,500000.0,Honda Mobilio RS
2007,80000,Petrol,Manual,220000.00000000003,Honda City VTEC
2014,58007,Petrol,Manual,350000.0,Honda Amaze SX
2021,30000,Diesel,Automatic,1150000.0,Honda Amaze VX
2015,61272,Petrol,Manual,580000.0,Honda City V
2016,88008,Petrol,Manual,480000.0,Honda Amaze S
2011,79000,Petrol,Automatic,350000.0,Honda City 1.5
2013,110000,Diesel,Manual,229999.99999999997,Honda Amaze EX
2014,120000,Diesel,Manual,350000.0,Honda Mobilio V
2010,78352,Petrol,Automatic,459999.99999999994,Honda City 1.5
2018,90000,Diesel,Manual,650000.0,Honda BR-V i-DTEC
2019,17782,Petrol,Manual,700000.0,Honda Jazz 1.2
2015,55590,Petrol,Manual,409999.99999999994,Honda Brio VX
2013,90000,Petrol,Manual,550000.0,Honda City 1.5
2019,80000,Diesel,Manual,1010000.0,Honda WR-V i-DTEC
2015,50000,Petrol,Automatic,465000.00000000006,Honda Amaze VX
2013,90000,Petrol,Manual,400000.0,Honda City S
2019,35000,Petrol,Manual,628000.0,Honda Amaze S
2021,30000,Petrol,Manual,950000.0,Honda WR-V VX
2015,70000,Diesel,Manual,615000.0,Honda Jazz 1.5
2021,2000,Petrol,Manual,650000.0,Honda Amaze S
2009,110000,Petrol,Manual,125000.0,Honda City 1.5
2018,29500,Petrol,Manual,650000.0,Honda Amaze VX
2020,27500,Petrol,Automatic,875000.0,Honda Amaze Exclusive
2006,40000,Petrol,Automatic,400000.0,Honda Civic 1.8
2019,110000,Diesel,Manual,915000.0,Honda WR-V i-DTEC
2020,20000,Petrol,Manual,610000.0,Honda Amaze S
2018,21000,Petrol,Automatic,1025000.0,Honda City i-VTEC
2008,60000,Petrol,Manual,120000.0,Honda City 1.5
2012,97320,Petrol,Manual,363000.0,Honda City E
2012,79999,Petrol,Manual,310000.0,Honda Brio S
2011,70000,Petrol,Manual,360000.0,Honda City 1.5
2014,110000,Diesel,Manual,350000.0,Honda City i
2017,35000,Petrol,Automatic,935000.0,Honda City i-VTEC
2016,32000,Petrol,Manual,725000.0,Honda City i
2016,70000,Petrol,Manual,300000.0,Honda Amaze EX
2021,70000,Diesel,Manual,1000000.0,Honda WR-V VX
2017,55203,Petrol,Manual,745000.0,Honda City i-VTEC
2010,50000,Petrol,Manual,300000.0,Honda Accord 2.4
2008,120000,Petrol,Manual,160000.0,Honda City 1.5
2015,59900,Petrol,Automatic,565000.0,Honda Jazz 1.2
2016,37000,Petrol,Manual,695000.0,Honda City i
2018,120000,Diesel,Manual,900000.0,Honda City i-DTEC
2010,100000,Petrol,Manual,300000.0,Honda Accord 2.4
2016,28000,Petrol,Manual,470000.0,Honda Brio 1.2
2017,30000,Petrol,Manual,450000.0,Honda Amaze S
2008,80000,Petrol,Manual,200000.0,Honda Civic 1.8
2016,35000,Diesel,Manual,620000.0,Honda Jazz 1.5
2008,110000,Petrol,Manual,125000.0,Honda Civic 1.8
2015,37326,Petrol,Manual,500000.0,Honda Jazz 1.2
2018,60000,Diesel,Manual,900000.0,Honda City i-DTEC
2007,110000,Petrol,Manual,450000.0,Honda CR-V RVi
2016,50000,Petrol,Automatic,780000.0,Honda City i
2006,110000,Petrol,Manual,180000.0,Honda City GXi
2017,16665,Petrol,Automatic,1150000.0,Honda City i-VTEC
2013,110000,Diesel,Manual,335000.0,Honda Amaze EX
2007,90000,Petrol,Manual,122000.0,Honda Civic 1.8
2016,31500,Petrol,Manual,425000.0,Honda Amaze S
2017,39735,Petrol,Manual,509999.99999999994,Honda Amaze S
2017,36000,Petrol,Manual,610000.0,Honda City i
2015,35341,Diesel,Manual,300000.0,Honda Amaze S
2017,8602,Petrol,Manual,725000.0,Honda City V
2016,28000,Petrol,Manual,470000.0,Honda Brio 1.2
2017,30000,Petrol,Manual,450000.0,Honda Amaze S
2008,80000,Petrol,Manual,200000.0,Honda Civic 1.8
2016,35000,Diesel,Manual,620000.0,Honda Jazz 1.5
2008,110000,Petrol,Manual,125000.0,Honda Civic 1.8
2015,37326,Petrol,Manual,500000.0,Honda Jazz 1.2
2018,60000,Diesel,Manual,900000.0,Honda City i-DTEC
2007,110000,Petrol,Manual,450000.0,Honda CR-V RVi
2016,50000,Petrol,Automatic,780000.0,Honda City i
2006,110000,Petrol,Manual,180000.0,Honda City GXi
2017,16665,Petrol,Automatic,1150000.0,Honda City i-VTEC
2013,110000,Diesel,Manual,335000.0,Honda Amaze EX
2007,90000,Petrol,Manual,122000.0,Honda Civic 1.8
2016,31500,Petrol,Manual,425000.0,Honda Amaze S
2017,39735,Petrol,Manual,509999.99999999994,Honda Amaze S
2017,36000,Petrol,Manual,610000.0,Honda City i
2015,35341,Diesel,Manual,300000.0,Honda Amaze S
